mean_rew,mean_val
0.001891560386866331,-0.2465556561946869
0.0009063376346603036,0.45181864500045776
